link,title,short_description,description
https://www.geeksforgeeks.org/7-major-challenges-faced-by-machine-learning-professionals/,7 Major Challenges Faced By Machine Learning Professionals,," Underfitting of Training DataThis process occurs when data is unable to establish an accurate relationship between input and output variables.This means that the algorithm is trained with noisy and biased data, which will affect its overall performance.The machine learning models are highly efficient in providing accurate results, but it takes a tremendous amount of time.Slow programs, data overload, and excessive requirements usually take a lot of time to provide accurate results.It is one of the most rapidly growing technologies used in medical diagnosis, speech recognition, robotic training, product recommendations, video surveillance, and this list goes on.Before starting your machine learning journey, ensure that you carefully examine the challenges mentioned above."
https://www.geeksforgeeks.org/7-major-challenges-faced-by-machine-learning-professionals/,7 Major Challenges Faced By Machine Learning Professionals,," Underfitting of Training DataThis process occurs when data is unable to establish an accurate relationship between input and output variables.This means that the algorithm is trained with noisy and biased data, which will affect its overall performance.The machine learning models are highly efficient in providing accurate results, but it takes a tremendous amount of time.Slow programs, data overload, and excessive requirements usually take a lot of time to provide accurate results.It is one of the most rapidly growing technologies used in medical diagnosis, speech recognition, robotic training, product recommendations, video surveillance, and this list goes on.Before starting your machine learning journey, ensure that you carefully examine the challenges mentioned above."
https://www.analyticsvidhya.com/blog/2021/06/5-challenges-of-machine-learning/,5 Challenges of Machine Learning! - Analytics Vidhya, ," No matter how good you are in selecting and hyper tuning the model, this part plays a major role in helping us make an accurate machine learning model.“Most Data Scientists spend a significant part of their time in cleaning data”.There are a couple of examples when you’d want to clean up the data :3.Nonrepresentative training data:To make sure that our model generalizes well, we have to make sure that our training data should be representative of the new cases that we want to generalize to.If train our model by using a nonrepresentative training set, it won’t be accurate in predictions it will be biased against one class or a group.For E.G., Let us say you are trying to build a model that recognizes the genre of music.Here we assume that youtube’s search engine is providing representative data but in reality, the search will be biased towards popular artists and maybe even the artists that are popular in your location(if you live in India you will be getting the music of Arijit Singh, Sonu Nigam or etc).So use representative data during training, so your model won’t be biased among one or two classes when it works on testing data.5.After this particular incident, you might think all dogs are not worth treating nicely.So this overgeneralization is what we humans do most of the time, and unfortunately machine learning model also does the same if not paid attention.For E.G., you use a linear model on a set with multi-collinearity it will for sure underfit and the predictions are bound to be inaccurate on the training set too.Things which we can do to overcome this problem:Conclusion :Machine Learning is all about making machines better by using data so that we don’t need to code them explicitly.Leave a comment below if you have any follow-up questions and I will try to answer them.Thank you,Karan Amal Pradhan.The media shown in this article are not owned by Analytics Vidhya and are used at the Author’s discretion.RelatedAbout the AuthorOur Top AuthorsDownload Analytics Vidhya App for the Latest blog/ArticleLeave a Reply Your email address will not be published."
https://marutitech.com/challenges-machine-learning/,Challenges faced by businesses in adopting Machine Learning, ," Not only this, by implementing and integrating Machine Learning in an organization, it becomes easier to optimize the process.Let us discuss and understand the 6 most common issues which companies face during machine learning adoption.1.Infrastructure Requirements for Testing & ExperimentationMost companies that are facing machine learning challenges have something in common among themselves.Frequent tests should also be allowed to develop the best possible and desired outcomes, which in turn, assist in creating better, stout, and manageable results.Companies that lack the infrastructure requirements can consult with different firms to model their data groups aptly.Therefore, it is very important to have patience and an experimentative approach while working on machine learning projects.Getting a glimpse into which machine learning algorithm would suit an organization is the only issue that one needs to get by."
https://www.javatpoint.com/issues-in-machine-learning,Issues in Machine Learning - Javatpoint, ," It is the most effective Artificial Intelligence technology that helps create automated learning systems to take future decisions without being constantly programmed.The main reason behind overfitting is using non-linear methods used in machine learning algorithms as they build non-realistic data models.Lack of ExplainabilityThis basically means the outputs cannot be easily comprehended as it is programmed in specific ways to deliver for certain conditions.It is one of the most rapidly growing technologies used in medical diagnosis, speech recognition, robotic training, product recommendations, video surveillance, and this list goes on.Once you win this battle, you can conquer the Future of work and land your dream job!FeedbackHelp Others, Please ShareLearn Latest TutorialsSplunkSPSSSwaggerTransact-SQLTumblrReactJSRegexReinforcement LearningR ProgrammingRxJSReact NativePython Design PatternsPython PillowPython TurtleKerasPreparationAptitudeReasoningVerbal AbilityInterview QuestionsCompany QuestionsTrending TechnologiesArtificial IntelligenceAWSSeleniumCloud ComputingHadoopReactJSData ScienceAngular 7BlockchainGitMachine LearningDevOpsB.Tech / MCADBMSData StructuresDAAOperating SystemComputer NetworkCompiler DesignComputer OrganizationDiscrete MathematicsEthical HackingComputer GraphicsSoftware EngineeringWeb TechnologyCyber SecurityAutomataC ProgrammingC++Java.NetPythonProgramsControl SystemData MiningData WarehouseJavatpoint ServicesJavaTpoint offers too many high quality services.Please mail your requirement at [email protected] Duration: 1 week to 2 weekLearn TutorialsOur WebsitesOur ServicesWebsite DevelopmentAndroid DevelopmentWebsite DesigningDigital MarketingSummer TrainingIndustrial TrainingCollege Campus TrainingContactAddress: G-13, 2nd Floor, Sec-3Noida, UP, 201301, IndiaContact No: 0120-4256464, 9990449935© Copyright 2011-2021 www.javatpoint.com."
https://www.provintl.com/blog/5-common-machine-learning-problems-how-to-beat-them,5 Common Machine Learning Problems & How to Solve Them, ," The buzz surrounding Machine Learning has reached such a fever pitch that organizations have created myths around them.1) Understanding Which Processes Need AutomationIt's becoming increasingly difficult to separate fact from fiction in terms of Machine Learning today.Partnering with an implementation partner can make the implementation of services like anomaly detection, predictive analysis, and ensemble modeling much easier.5) Lack of Skilled ResourcesDeep analytics and Machine Learning in their current forms are still new technologies.Thus, there is a shortage of skilled employees available to manage and develop analytical content for Machine Learning.Recruitment will require you to pay large salaries as these employees are often in high-demand and know their worth.You can also approach your vendor for staffing help as many managed service providers keep a list of skilled data scientists to deploy anytime.ProV is a global IT service delivery company and we have implementation specialists that deliver high-quality implementation and customization services to meet your specific needs and quickly adapt to change.Download our FREE CHECKLIST on implementing ITOM to know what you might lose in a service outage, and how MSPs can help ensure business continuity.We can help you accomplish all your strategic, operational, and tactical organizational goals and let you get more from your enterprise software investment.To learn more about how we can optimize your company with machine learning contact us today.hbspt.cta._relativeUrls=true;hbspt.cta.load(2328579, '31e35b1d-2aa7-4d9e-bc99-19679e36a5b3', {""useNewLoader"":""true"",""region"":""na1""});Share This ArticleTopics: ServiceNow, Machine Learning, Artificial Intelligence, Automation, servicenow itom, servicenow partners5 Common Machine Learning Problems & How to Solve Them5 Reasons Your Company Needs ERP SoftwareServiceNow vs BMC Remedy: Which One Should You Choose?Top-5 Benefits of Robotics Process Automation (RPA) Adoption for Your Company5 IT Service Management (ITSM) Best Practices You Must KnowRelated PostsApr 05, 2022How ServiceNow Solves The Toughest Challenges Of Facilities ManagementAug 24, 2020How the IT Cost Plus Model Can Help Reduce the Maintenance Cost of ServiceNow SoftwareProV International Inc.Headquarters5401 W. Kennedy Blvd.Suite 100."
https://towardsdatascience.com/top-8-challenges-for-machine-learning-practitioners-c4c0130701a1,Top 8 Challenges for Machine Learning Practitioners, ," However, they aren’t something out of motion pictures, it is anything but a cutting edge dream.Now the child will able to distinguish between dog and cat, by identifying shapes, colors, or any other features.For complex problems like Image Classification and Speech Recognition, it may require data in a count of millions.Therefore, one thing is clear.Overgeneralizing is something that we do very frequently, and shockingly, the frameworks can likewise fall into a similar snare and in AI, we call it overfitting.It means the model is performing well, making likely predictions on the training dataset, but it is not generalized well.Let’s say you are attempting to implement an Image Classification model to classify apple, peach, oranges, bananas with training samples of — 3000, 500, 500, 500 respectively.But in reality, we need to make a source for data collection, that varies dynamically.We went through some of the basic challenges faced by beginners while practicing machine learning.I’ll be happy to hear suggestions if you have any."
https://mindy-support.com/news-post/major-challenges-for-machine-learning-projects/,Major Challenges for Machine Learning Projects, ," This is especially popular in the automotive, healthcare and agricultural industries, but can be applied to others as well.Web application frameworks have a lot more history to them since they are around 15 years old.These include frameworks such as Django, Python, Ruby-on-Rails and many others.Young technology is a double-edged sword.A machine learning algorithm can fulfill any task you give it, but without taking into account the ethical ramification.The technology is still very young and all of these problems can be fixed in the near future.Mindy Support Provides Comprehensive Data Annotation ServicesMindy Support has extensive experience actualizing data annotation projects in a wide variety of industries and complexities.Contact us today to find out how we can help you.Build your dedicated teamwith Mindy Support2k+ specialists8 years of experience5-star rating on ClutchISO certifiedFebruary 12th, 2020Share This Story, Choose Your Platform!Related PostsHow Data Annotation is Used to Train Robots to Pick ApplesJuly 4th, 2022AI and Data Annotation Help Insurance Companies Fight FraudJune 25th, 2022The Impact of Data Annotation on Computer Vision in the Automotive IndustryJune 17th, 2022Mindy Support is a registered trademark of Steldia Services Ltd. © Copyright 2013 - 2022 Mindy Support."
https://www.forbes.com/sites/forbestechcouncil/2021/08/31/these-four-challenges-in-adopting-machine-learning-can-lower-your-roi-and-sabotage-success/,These Four Challenges In Adopting Machine Learning Can ..., ," These Four Challenges In Adopting Machine Learning Can Lower Your ROI And Sabotage SuccessMore From ForbesThese Four Challenges In Adopting Machine Learning Can Lower Your ROI And Sabotage SuccessChief Technology Advisor at Evolutyz Corp, a leading next-generation IT products, platforms, and services company.gettyBy this point, machine learning isn’t some pie-in-the-sky solution.Reliance On Legacy SystemsA recent survey conducted by Algorithmia found that the second greatest AI/ML challenge was technology integration and compatibility.As a result, their machine-learning recommendations were found to be routinely incorrect and unsafe, falling painfully short of their goal to help oncologists make accurate and life-saving diagnoses.Whatever your machine learning processes are (be that supervised, unsupervised or a hybrid of the two), you need to ensure that the raw data fed into the training dataset is reliable and exhaustive for your desired outcome by incorporating a human element into the early stages of machine learning.A thorough review of correct, complete and consistent training data can create the necessary foundation for successful machine learning projects.3.Great idea, but in practice, the algorithm developed an unintended bias against women and penalized mention of all women’s colleges — something that might have been avoided with more HR input.Without the involvement of HR and recruiters focused on D&I initiatives, Amazon’s algorithms disqualified people who might have made exceptional employees based on arbitrary distinctions.They would know how to overcome the above challenges and work efficiently to address emerging problems while delivering the entire machine learning ROI.Overall, it’s imperative that business leaders take potential challenges into consideration when integrating ML into their processes."
https://www.sigmoid.com/blogs/5-challenges-to-be-prepared-for-before-scaling-machine-learning-models/,5 Challenges of Scaling Machine Learning Models - Sigmoid, ," A recent study by Forrester states that improving customer experience, improving profitability & revenue growth as the key goals organizations plan to achieve specifically using ML initiatives.Though gaining worldwide acclaim, ML modeling is hard to translate into active business gains.As per our poll, 43% of people said they get roadblocked in ML model production and integration.It is important to ensure that ML models deliver their end objectives as intended by businesses as their adoption across organizations globally is increasing at an unprecedented rate, thanks to robust and inexpensive open source infrastructure.Complexities with DataOne would need about a million relevant records to train an ML model on top of the data.But these don’t necessarily translate well to a production environment where Spark or Pyspark is more desirable.Even after running the tests, a proper machine learning lifecycle management tool might be needed to watch out for issues that are invisible in tests.5."
