title,description
 15 Amazing Facts About 15... , 15 Amazing Facts About 15... 
 Amazing Birds List With... , Amazing Birds List With... 
 25 Most Beautiful Birds in... , 25 Most Beautiful Birds in... 
 18 amazing facts about... , 18 amazing facts about... 
 Flight of Fancy: 12 Amazing... , Flight of Fancy: 12 Amazing... 
 14+ Incredible Birds From... , 14+ Incredible Birds From... 
 Pin by Carolyn Foulds on... , Pin by Carolyn Foulds on... 
 AMAZİNG BİRDS - Home |... , AMAZİNG BİRDS - Home |... 
 Top 10 Most Beautiful Birds... , Top 10 Most Beautiful Birds... 
 AMAZİNG BİRDS | Facebook , AMAZİNG BİRDS | Facebook 
